image_id,product_id,category,object_path,format,size,width,height,upload_time
IMG001,P001,Electronics,electronics/P001.png,PNG,2.2 MB,1280,1440,02/10/2026
IMG002,P002,Fashion,fashion/P002.png,PNG,4.3 MB,1920,1080,02/10/2026
IMG003,P003,Fashion,fashion/P003.jpg,JPG,2.8 MB,1920,1440,02/10/2026
IMG004,P004,Fashion,fashion/P004.jpg,JPG,4.4 MB,1280,720,02/10/2026
IMG005,P005,Food,food/P005.jpg,JPG,2.6 MB,1280,1440,02/10/2026
IMG006,P006,Electronics,electronics/P006.jpg,JPG,1.2 MB,1920,1080,02/10/2026
IMG007,P007,Electronics,electronics/P007.png,PNG,4.5 MB,1280,1440,02/10/2026
IMG008,P008,Electronics,electronics/P008.png,PNG,4.8 MB,1280,720,02/10/2026
IMG009,P009,Fashion,fashion/P009.png,PNG,4.7 MB,1280,1440,02/10/2026
IMG010,P010,Electronics,electronics/P010.png,PNG,0.9 MB,1920,1440,02/10/2026
IMG011,P011,Fashion,fashion/P011.jpg,JPG,4.2 MB,2560,1440,02/10/2026
IMG012,P012,Fashion,fashion/P012.jpg,JPG,2.7 MB,2560,720,02/10/2026
IMG013,P013,Fashion,fashion/P013.jpg,JPG,1.5 MB,2560,1080,02/10/2026
IMG014,P014,Fashion,fashion/P014.jpg,JPG,3.6 MB,1280,1080,02/10/2026
IMG015,P015,Fashion,fashion/P015.png,PNG,3.0 MB,1920,720,02/10/2026
IMG016,P016,Fashion,fashion/P016.png,PNG,2.6 MB,1280,1440,02/10/2026
IMG017,P017,Electronics,electronics/P017.png,PNG,1.2 MB,2560,1080,02/10/2026
IMG018,P018,Food,food/P018.png,PNG,4.9 MB,2560,1080,02/10/2026
IMG019,P019,Electronics,electronics/P019.png,PNG,3.9 MB,1280,720,02/10/2026
IMG020,P020,Fashion,fashion/P020.png,PNG,3.4 MB,1280,720,02/10/2026
IMG021,P021,Fashion,fashion/P021.jpg,JPG,3.7 MB,1280,720,02/10/2026
IMG022,P022,Fashion,fashion/P022.jpg,JPG,0.7 MB,1920,1440,02/10/2026
IMG023,P023,Fashion,fashion/P023.jpg,JPG,1.8 MB,2560,1080,02/10/2026
IMG024,P024,Electronics,electronics/P024.png,PNG,4.5 MB,2560,1080,02/10/2026
IMG025,P025,Food,food/P025.png,PNG,2.8 MB,1920,1080,02/10/2026
IMG026,P026,Electronics,electronics/P026.jpg,JPG,3.0 MB,2560,720,02/10/2026
IMG027,P027,Fashion,fashion/P027.png,PNG,1.3 MB,2560,720,02/10/2026
IMG028,P028,Fashion,fashion/P028.png,PNG,2.4 MB,1280,1080,02/10/2026
IMG029,P029,Food,food/P029.png,PNG,4.0 MB,1280,1080,02/10/2026
IMG030,P030,Food,food/P030.png,PNG,1.8 MB,2560,1440,02/10/2026
IMG031,P031,Electronics,electronics/P031.jpg,JPG,2.7 MB,1920,1440,02/10/2026
IMG032,P032,Electronics,electronics/P032.png,PNG,2.5 MB,2560,1080,02/10/2026
IMG033,P033,Electronics,electronics/P033.jpg,JPG,4.7 MB,2560,720,02/10/2026
IMG034,P034,Food,food/P034.png,PNG,2.7 MB,1920,720,02/10/2026
IMG035,P035,Fashion,fashion/P035.jpg,JPG,1.4 MB,1280,720,02/10/2026
IMG036,P036,Electronics,electronics/P036.png,PNG,2.3 MB,1920,720,02/10/2026
IMG037,P037,Electronics,electronics/P037.png,PNG,3.0 MB,2560,1080,02/10/2026
IMG038,P038,Food,food/P038.jpg,JPG,4.7 MB,1280,1080,02/10/2026
IMG039,P039,Food,food/P039.jpg,JPG,3.3 MB,2560,1080,02/10/2026
IMG040,P040,Fashion,fashion/P040.png,PNG,1.7 MB,2560,1080,02/10/2026
IMG041,P041,Food,food/P041.jpg,JPG,3.9 MB,1280,720,02/10/2026
IMG042,P042,Fashion,fashion/P042.jpg,JPG,3.1 MB,1920,720,02/10/2026
IMG043,P043,Electronics,electronics/P043.png,PNG,1.1 MB,2560,720,02/10/2026
IMG044,P044,Fashion,fashion/P044.jpg,JPG,1.6 MB,2560,720,02/10/2026
IMG045,P045,Fashion,fashion/P045.jpg,JPG,3.5 MB,1920,720,02/10/2026
IMG046,P046,Electronics,electronics/P046.png,PNG,2.5 MB,2560,1440,02/10/2026
IMG047,P047,Electronics,electronics/P047.png,PNG,3.8 MB,2560,1080,02/10/2026
IMG048,P048,Fashion,fashion/P048.png,PNG,1.4 MB,1280,1440,02/10/2026
IMG049,P049,Food,food/P049.jpg,JPG,4.8 MB,1280,1440,02/10/2026
IMG050,P050,Food,food/P050.png,PNG,1.5 MB,1280,720,02/10/2026
IMG051,P051,Food,food/P051.jpg,JPG,4.8 MB,1280,1080,02/10/2026
IMG052,P052,Fashion,fashion/P052.jpg,JPG,4.8 MB,1920,1080,02/10/2026
IMG053,P053,Electronics,electronics/P053.png,PNG,3.6 MB,2560,720,02/10/2026
IMG054,P054,Electronics,electronics/P054.png,PNG,2.7 MB,2560,720,02/10/2026
IMG055,P055,Electronics,electronics/P055.png,PNG,2.6 MB,1280,720,02/10/2026
IMG056,P056,Food,food/P056.jpg,JPG,1.3 MB,2560,720,02/10/2026
IMG057,P057,Electronics,electronics/P057.png,PNG,2.7 MB,1920,1080,02/10/2026
IMG058,P058,Fashion,fashion/P058.jpg,JPG,4.2 MB,1920,1440,02/10/2026
IMG059,P059,Electronics,electronics/P059.jpg,JPG,2.9 MB,1920,1080,02/10/2026
IMG060,P060,Fashion,fashion/P060.jpg,JPG,4.9 MB,2560,1440,02/10/2026
IMG061,P061,Electronics,electronics/P061.jpg,JPG,4.2 MB,1280,720,02/10/2026
IMG062,P062,Electronics,electronics/P062.png,PNG,2.4 MB,2560,1440,02/10/2026
IMG063,P063,Electronics,electronics/P063.jpg,JPG,1.3 MB,1920,720,02/10/2026
IMG064,P064,Fashion,fashion/P064.png,PNG,2.3 MB,1920,720,02/10/2026
IMG065,P065,Fashion,fashion/P065.jpg,JPG,2.6 MB,1280,720,02/10/2026
IMG066,P066,Electronics,electronics/P066.png,PNG,3.0 MB,2560,1080,02/10/2026
IMG067,P067,Fashion,fashion/P067.png,PNG,2.6 MB,1920,1440,02/10/2026
IMG068,P068,Electronics,electronics/P068.png,PNG,4.0 MB,2560,1440,02/10/2026
IMG069,P069,Fashion,fashion/P069.jpg,JPG,3.4 MB,1920,720,02/10/2026
IMG070,P070,Food,food/P070.jpg,JPG,2.1 MB,1920,720,02/10/2026
IMG071,P071,Fashion,fashion/P071.png,PNG,0.8 MB,2560,1440,02/10/2026
IMG072,P072,Electronics,electronics/P072.jpg,JPG,3.8 MB,1280,1440,02/10/2026
IMG073,P073,Fashion,fashion/P073.png,PNG,2.6 MB,1920,720,02/10/2026
IMG074,P074,Fashion,fashion/P074.png,PNG,4.7 MB,1280,720,02/10/2026
IMG075,P075,Food,food/P075.png,PNG,2.6 MB,1920,720,02/10/2026
IMG076,P076,Fashion,fashion/P076.png,PNG,1.1 MB,2560,720,02/10/2026
IMG077,P077,Food,food/P077.jpg,JPG,4.5 MB,1920,1440,02/10/2026
IMG078,P078,Electronics,electronics/P078.png,PNG,4.8 MB,1920,720,02/10/2026
IMG079,P079,Food,food/P079.jpg,JPG,1.3 MB,2560,720,02/10/2026
IMG080,P080,Fashion,fashion/P080.jpg,JPG,0.9 MB,2560,1440,02/10/2026
IMG081,P081,Food,food/P081.jpg,JPG,4.4 MB,2560,1440,02/10/2026
IMG082,P082,Fashion,fashion/P082.png,PNG,1.8 MB,2560,1080,02/10/2026
IMG083,P083,Fashion,fashion/P083.jpg,JPG,2.5 MB,1280,1440,02/10/2026
IMG084,P084,Fashion,fashion/P084.png,PNG,2.0 MB,1920,720,02/10/2026
IMG085,P085,Electronics,electronics/P085.png,PNG,4.8 MB,1920,720,02/10/2026
IMG086,P086,Electronics,electronics/P086.jpg,JPG,0.7 MB,1280,1080,02/10/2026
IMG087,P087,Food,food/P087.png,PNG,4.7 MB,1920,1080,02/10/2026
IMG088,P088,Food,food/P088.jpg,JPG,2.1 MB,1280,720,02/10/2026
IMG089,P089,Electronics,electronics/P089.jpg,JPG,2.8 MB,1280,1080,02/10/2026
IMG090,P090,Food,food/P090.jpg,JPG,2.9 MB,2560,1440,02/10/2026
IMG091,P091,Fashion,fashion/P091.jpg,JPG,2.3 MB,1920,1440,02/10/2026
IMG092,P092,Electronics,electronics/P092.jpg,JPG,1.1 MB,1920,1080,02/10/2026
IMG093,P093,Electronics,electronics/P093.jpg,JPG,0.6 MB,2560,720,02/10/2026
IMG094,P094,Food,food/P094.jpg,JPG,1.6 MB,2560,1080,02/10/2026
IMG095,P095,Fashion,fashion/P095.png,PNG,1.9 MB,1280,1080,02/10/2026
IMG096,P096,Fashion,fashion/P096.jpg,JPG,2.4 MB,2560,720,02/10/2026
IMG097,P097,Electronics,electronics/P097.png,PNG,4.8 MB,1280,1440,02/10/2026
IMG098,P098,Electronics,electronics/P098.jpg,JPG,4.8 MB,1920,1080,02/10/2026
IMG099,P099,Food,food/P099.jpg,JPG,4.6 MB,1920,1440,02/10/2026
IMG100,P100,Electronics,electronics/P100.png,PNG,0.9 MB,1280,1440,02/10/2026
IMG101,P101,Electronics,electronics/P101.jpg,JPG,2.5 MB,2560,720,02/10/2026
IMG102,P102,Fashion,fashion/P102.jpg,JPG,2.9 MB,1920,720,02/10/2026
IMG103,P103,Food,food/P103.png,PNG,4.3 MB,1920,720,02/10/2026
IMG104,P104,Fashion,fashion/P104.png,PNG,1.0 MB,1280,1440,02/10/2026
IMG105,P105,Food,food/P105.png,PNG,0.7 MB,1920,720,02/10/2026
IMG106,P106,Electronics,electronics/P106.png,PNG,1.4 MB,2560,1080,02/10/2026
IMG107,P107,Fashion,fashion/P107.png,PNG,2.3 MB,1920,1080,02/10/2026
IMG108,P108,Food,food/P108.png,PNG,5.0 MB,1280,1440,02/10/2026
IMG109,P109,Fashion,fashion/P109.jpg,JPG,3.5 MB,1920,1440,02/10/2026
IMG110,P110,Electronics,electronics/P110.png,PNG,1.6 MB,2560,1440,02/10/2026
IMG111,P111,Food,food/P111.jpg,JPG,3.1 MB,1920,1440,02/10/2026
IMG112,P112,Food,food/P112.jpg,JPG,2.0 MB,2560,720,02/10/2026
IMG113,P113,Fashion,fashion/P113.jpg,JPG,4.3 MB,1920,720,02/10/2026
IMG114,P114,Fashion,fashion/P114.jpg,JPG,3.6 MB,1280,1440,02/10/2026
IMG115,P115,Food,food/P115.png,PNG,3.6 MB,1280,1080,02/10/2026
IMG116,P116,Fashion,fashion/P116.jpg,JPG,3.2 MB,2560,1080,02/10/2026
IMG117,P117,Fashion,fashion/P117.png,PNG,4.1 MB,1280,1440,02/10/2026
IMG118,P118,Electronics,electronics/P118.png,PNG,4.6 MB,1920,1080,02/10/2026
IMG119,P119,Food,food/P119.png,PNG,4.9 MB,2560,1440,02/10/2026
IMG120,P120,Food,food/P120.png,PNG,4.3 MB,1920,720,02/10/2026
IMG121,P121,Electronics,electronics/P121.png,PNG,1.2 MB,2560,1080,02/10/2026
IMG122,P122,Fashion,fashion/P122.jpg,JPG,1.0 MB,2560,720,02/10/2026
IMG123,P123,Electronics,electronics/P123.jpg,JPG,2.0 MB,1920,720,02/10/2026
IMG124,P124,Electronics,electronics/P124.png,PNG,1.6 MB,1920,1440,02/10/2026
IMG125,P125,Fashion,fashion/P125.jpg,JPG,0.9 MB,2560,720,02/10/2026
IMG126,P126,Fashion,fashion/P126.jpg,JPG,0.8 MB,1920,720,02/10/2026
IMG127,P127,Fashion,fashion/P127.jpg,JPG,4.4 MB,2560,720,02/10/2026
IMG128,P128,Fashion,fashion/P128.png,PNG,4.4 MB,2560,1080,02/10/2026
IMG129,P129,Food,food/P129.png,PNG,3.8 MB,1920,1080,02/10/2026
IMG130,P130,Electronics,electronics/P130.png,PNG,1.8 MB,2560,1440,02/10/2026
IMG131,P131,Electronics,electronics/P131.jpg,JPG,1.7 MB,1920,1440,02/10/2026
IMG132,P132,Food,food/P132.png,PNG,3.0 MB,1280,720,02/10/2026
IMG133,P133,Electronics,electronics/P133.png,PNG,0.9 MB,1920,720,02/10/2026
IMG134,P134,Electronics,electronics/P134.jpg,JPG,3.5 MB,2560,1440,02/10/2026
IMG135,P135,Fashion,fashion/P135.png,PNG,3.9 MB,1280,1440,02/10/2026
IMG136,P136,Food,food/P136.jpg,JPG,4.5 MB,2560,1440,02/10/2026
IMG137,P137,Food,food/P137.jpg,JPG,4.3 MB,1280,1080,02/10/2026
IMG138,P138,Electronics,electronics/P138.jpg,JPG,1.1 MB,1920,1440,02/10/2026
IMG139,P139,Food,food/P139.jpg,JPG,0.6 MB,2560,1080,02/10/2026
IMG140,P140,Fashion,fashion/P140.png,PNG,3.9 MB,1280,1440,02/10/2026
IMG141,P141,Electronics,electronics/P141.jpg,JPG,1.6 MB,1280,720,02/10/2026
IMG142,P142,Electronics,electronics/P142.jpg,JPG,1.7 MB,1280,1080,02/10/2026
IMG143,P143,Fashion,fashion/P143.jpg,JPG,1.7 MB,2560,1080,02/10/2026
IMG144,P144,Food,food/P144.jpg,JPG,1.8 MB,2560,1440,02/10/2026
IMG145,P145,Electronics,electronics/P145.png,PNG,2.5 MB,2560,1080,02/10/2026
IMG146,P146,Fashion,fashion/P146.png,PNG,2.0 MB,1280,1440,02/10/2026
IMG147,P147,Food,food/P147.jpg,JPG,3.1 MB,1920,720,02/10/2026
IMG148,P148,Food,food/P148.jpg,JPG,1.1 MB,2560,1440,02/10/2026
IMG149,P149,Electronics,electronics/P149.png,PNG,3.2 MB,1280,1440,02/10/2026
IMG150,P150,Fashion,fashion/P150.png,PNG,2.8 MB,2560,720,02/10/2026
